Workbook

Sheet Sheet2
A3: Row Labels | B3: Average of Calories | C3: Average of Calcium (% Daily Value) | D3: Average of Vitamin C (% Daily Value) | E3: Average of Iron (% Daily Value) | F3: Average of Vitamin A (% Daily Value) | G3: Average of Protein | H3: Average of Sodium | I3: Average of Cholesterol | J3: Average of Sugars | K3: Average of Carbohydrates | L3: Average of Dietary Fiber | M3: Average of Total Fat
A4: Beef & Pork | B4: 494 | C4: 23 | D4: 7.3333333 | E4: 23.333333 | F4: 6.9333333 | G4: 27.333333 | H4: 1020.6667 | I4: 87.333333 | J4: 8.8 | K4: 40.133333 | L4: 2.5333333 | M4: 24.866667
A5: Beverages | B5: 113.7037 | C5: 2.962963 | D5: 23.481481 | E5: 0.2962963 | F5: 0.74074074 | G5: 1.3333333 | H5: 41.481481 | I5: 0.55555556 | J5: 27.851852 | K5: 28.814815 | L5: 0.037037037 | M5: 0.092592593
A6: Breakfast | B6: 526.66667 | C6: 16.166667 | D6: 8.9047619 | E6: 17.142857 | F6: 6.9285714 | G6: 19.857143 | H6: 1211.0714 | I6: 152.85714 | J6: 8.2619048 | K6: 49.761905 | L6: 3.2619048 | M6: 27.690476
A7: Chicken & Fish | B7: 552.96296 | C7: 15.444444 | D7: 12.62963 | E7: 16.37037 | F7: 20.444444 | G7: 29.111111 | H7: 1257.7778 | I7: 75.37037 | J7: 7.3333333 | K7: 49.074074 | L7: 2.9259259 | M7: 26.962963
A8: Coffee & Tea | B8: 283.89474 | C8: 28.294737 | D8: 0 | E8: 2.1473684 | F8: 10.736842 | G8: 8.8631579 | H8: 136.89474 | I8: 27.263158 | J8: 39.610526 | K8: 44.526316 | L8: 0.77894737 | M8: 8.0210526
A9: Desserts | B9: 222.14286 | C9: 11.428571 | D9: 4.1428571 | E9: 4 | F9: 5.1428571 | G9: 4 | H9: 117.14286 | I9: 15 | J9: 26.142857 | K9: 34.857143 | L9: 1 | M9: 7.3571429
A10: Salads | B10: 270 | C10: 15 | D10: 28.333333 | E10: 10.333333 | F10: 146.66667 | G10: 19.833333 | H10: 588.33333 | I10: 51.666667 | J10: 6.8333333 | K10: 21.666667 | L10: 4.5 | M10: 11.75
A11: Smoothies & Shakes | B11: 531.42857 | C11: 35.571429 | D11: 6.9642857 | E11: 3.9642857 | F11: 18.75 | G11: 10.857143 | H11: 183.57143 | I11: 45 | J11: 77.892857 | K11: 90.428571 | L11: 1.4642857 | M11: 14.125
A12: Snacks & Sides | B12: 245.76923 | C12: 6 | D12: 28.153846 | E12: 6.6153846 | F12: 4.8461538 | G12: 8.3846154 | H12: 395.76923 | I12: 18.461538 | J12: 4.0769231 | K12: 29.153846 | L12: 1.5384615 | M12: 10.538462
A13: Grand Total | B13: 368.26923 | C13: 20.973077 | D13: 8.5346154 | E13: 7.7346154 | F13: 13.426923 | G13: 13.338462 | H13: 495.75 | I13: 54.942308 | J13: 29.423077 | K13: 47.346154 | L13: 1.6307692 | M13: 14.165385
B15: Chicken & Fish and Breakfast items are high in calories.
B16: Smoothies & Shakes offer the most calcium, but also high in calories.
B17: Beverages and Salads have the highest Vitamin C values.
B18: Iron content is highest in Breakfast and Chicken items.

Sheet Sheet9
A1: Row Labels | B1: Average of Calories | C1: Average of Calcium (% Daily Value) | D1: Average of Vitamin C (% Daily Value) | E1: Average of Iron (% Daily Value) | F1: Average of Vitamin A (% Daily Value) | G1: Average of Protein | H1: Average of Sodium | I1: Average of Cholesterol | J1: Average of Sugars | K1: Average of Carbohydrates | L1: Average of Dietary Fiber | M1: Average of Total Fat
A2: Beef & Pork | B2: 494 | C2: 23 | D2: 7.3333333 | E2: 23.333333 | F2: 6.9333333 | G2: 27.333333 | H2: 1020.6667 | I2: 87.333333 | J2: 8.8 | K2: 40.133333 | L2: 2.5333333 | M2: 24.866667
A3: Beverages | B3: 113.7037 | C3: 2.962963 | D3: 23.481481 | E3: 0.2962963 | F3: 0.74074074 | G3: 1.3333333 | H3: 41.481481 | I3: 0.55555556 | J3: 27.851852 | K3: 28.814815 | L3: 0.037037037 | M3: 0.092592593
A4: Breakfast | B4: 526.66667 | C4: 16.166667 | D4: 8.9047619 | E4: 17.142857 | F4: 6.9285714 | G4: 19.857143 | H4: 1211.0714 | I4: 152.85714 | J4: 8.2619048 | K4: 49.761905 | L4: 3.2619048 | M4: 27.690476
A5: Chicken & Fish | B5: 552.96296 | C5: 15.444444 | D5: 12.62963 | E5: 16.37037 | F5: 20.444444 | G5: 29.111111 | H5: 1257.7778 | I5: 75.37037 | J5: 7.3333333 | K5: 49.074074 | L5: 2.9259259 | M5: 26.962963
A6: Coffee & Tea | B6: 283.89474 | C6: 28.294737 | D6: 0 | E6: 2.1473684 | F6: 10.736842 | G6: 8.8631579 | H6: 136.89474 | I6: 27.263158 | J6: 39.610526 | K6: 44.526316 | L6: 0.77894737 | M6: 8.0210526
A7: Desserts | B7: 222.14286 | C7: 11.428571 | D7: 4.1428571 | E7: 4 | F7: 5.1428571 | G7: 4 | H7: 117.14286 | I7: 15 | J7: 26.142857 | K7: 34.857143 | L7: 1 | M7: 7.3571429
A8: Salads | B8: 270 | C8: 15 | D8: 28.333333 | E8: 10.333333 | F8: 146.66667 | G8: 19.833333 | H8: 588.33333 | I8: 51.666667 | J8: 6.8333333 | K8: 21.666667 | L8: 4.5 | M8: 11.75
A9: Smoothies & Shakes | B9: 531.42857 | C9: 35.571429 | D9: 6.9642857 | E9: 3.9642857 | F9: 18.75 | G9: 10.857143 | H9: 183.57143 | I9: 45 | J9: 77.892857 | K9: 90.428571 | L9: 1.4642857 | M9: 14.125
A10: Snacks & Sides | B10: 245.76923 | C10: 6 | D10: 28.153846 | E10: 6.6153846 | F10: 4.8461538 | G10: 8.3846154 | H10: 395.76923 | I10: 18.461538 | J10: 4.0769231 | K10: 29.153846 | L10: 1.5384615 | M10: 10.538462
A11: Grand Total | B11: 368.26923 | C11: 20.973077 | D11: 8.5346154 | E11: 7.7346154 | F11: 13.426923 | G11: 13.338462 | H11: 495.75 | I11: 54.942308 | J11: 29.423077 | K11: 47.346154 | L11: 1.6307692 | M11: 14.165385

Sheet jj
A1: Category | B1: Item | C1: Serving Size | D1: Calories | E1: Calories from Fat | F1: Total Fat | G1: Total Fat (% Daily Value) | H1: Saturated Fat | I1: Saturated Fat (% Daily Value) | J1: Trans Fat | K1: Cholesterol | L1: serving size in oz
A2: Breakfast | B2: Egg McMuffin | C2: 4.8 oz (136 g) | D2: 300 | E2: 120 | F2: 13 | G2: 20 | H2: 5 | I2: 25 | J2: 0 | K2: 260 | L2: =IFERROR(VALUE(LEFT(C2,FIND(" ",C2)-1)), "") -> 4.8
A3: Breakfast | B3: Egg White Delight | C3: 4.8 oz (135 g) | D3: 250 | E3: 70 | F3: 8 | G3: 12 | H3: 3 | I3: 15 | J3: 0 | K3: 25 | L3: =IFERROR(VALUE(LEFT(C3,FIND(" ",C3)-1)), "") -> 4.8
A4: Breakfast | B4: Sausage McMuffin | C4: 3.9 oz (111 g) | D4: 370 | E4: 200 | F4: 23 | G4: 35 | H4: 8 | I4: 42 | J4: 0 | K4: 45 | L4: =IFERROR(VALUE(LEFT(C4,FIND(" ",C4)-1)), "") -> 3.9
A5: Breakfast | B5: Sausage McMuffin with Egg | C5: 5.7 oz (161 g) | D5: 450 | E5: 250 | F5: 28 | G5: 43 | H5: 10 | I5: 52 | J5: 0 | K5: 285 | L5: =IFERROR(VALUE(LEFT(C5,FIND(" ",C5)-1)), "") -> 5.7
A6: Breakfast | B6: Sausage McMuffin with Egg Whites | C6: 5.7 oz (161 g) | D6: 400 | E6: 210 | F6: 23 | G6: 35 | H6: 8 | I6: 42 | J6: 0 | K6: 50 | L6: =IFERROR(VALUE(LEFT(C6,FIND(" ",C6)-1)), "") -> 5.7
A7: Breakfast | B7: Steak & Egg McMuffin | C7: 6.5 oz (185 g) | D7: 430 | E7: 210 | F7: 23 | G7: 36 | H7: 9 | I7: 46 | J7: 1 | K7: 300 | L7: =IFERROR(VALUE(LEFT(C7,FIND(" ",C7)-1)), "") -> 6.5
A8: Breakfast | B8: Bacon, Egg & Cheese Biscuit (Regular Biscuit) | C8: 5.3 oz (150 g) | D8: 460 | E8: 230 | F8: 26 | G8: 40 | H8: 13 | I8: 65 | J8: 0 | K8: 250 | L8: =IFERROR(VALUE(LEFT(C8,FIND(" ",C8)-1)), "") -> 5.3
A9: Breakfast | B9: Bacon, Egg & Cheese Biscuit (Large Biscuit) | C9: 5.8 oz (164 g) | D9: 520 | E9: 270 | F9: 30 | G9: 47 | H9: 14 | I9: 68 | J9: 0 | K9: 250 | L9: =IFERROR(VALUE(LEFT(C9,FIND(" ",C9)-1)), "") -> 5.8
A10: Breakfast | B10: Bacon, Egg & Cheese Biscuit with Egg Whites (Regular Biscuit) | C10: 5.4 oz (153 g) | D10: 410 | E10: 180 | F10: 20 | G10: 32 | H10: 11 | I10: 56 | J10: 0 | K10: 35 | L10: =IFERROR(VALUE(LEFT(C10,FIND(" ",C10)-1)), "") -> 5.4
A11: Breakfast | B11: Bacon, Egg & Cheese Biscuit with Egg Whites (Large Biscuit) | C11: 5.9 oz (167 g) | D11: 470 | E11: 220 | F11: 25 | G11: 38 | H11: 12 | I11: 59 | J11: 0 | K11: 35 | L11: =IFERROR(VALUE(LEFT(C11,FIND(" ",C11)-1)), "") -> 5.9
A12: Breakfast | B12: Sausage Biscuit (Regular Biscuit) | C12: 4.1 oz (117 g) | D12: 430 | E12: 240 | F12: 27 | G12: 42 | H12: 12 | I12: 62 | J12: 0 | K12: 30 | L12: =IFERROR(VALUE(LEFT(C12,FIND(" ",C12)-1)), "") -> 4.1
A13: Breakfast | B13: Sausage Biscuit (Large Biscuit) | C13: 4.6 oz (131 g) | D13: 480 | E13: 280 | F13: 31 | G13: 48 | H13: 13 | I13: 65 | J13: 0 | K13: 30 | L13: =IFERROR(VALUE(LEFT(C13,FIND(" ",C13)-1)), "") -> 4.6
... A234: Smoothies & Shakes | B234: McFlurry with Reese's Peanut Butter Cups (Snack) | C234: 7.1 oz (202 g) | D234: 410 | E234: 150 | F234: 16 | G234: 25 | H234: 8 | I234: 38 | J234: 0 | K234: 30 | L234: =IFERROR(VALUE(LEFT(C234,FIND(" ",C234)-1)), "") -> 7.1

Sheet smoothies and shakes
A1: Smoothies & Shakes | B1: Blueberry Pomegranate Smoothie (Small) | C1: 12 fl oz cup | D1: 220 | E1: 5 | F1: 0.5 | G1: 1 | H1: 0 | I1: 0 | J1: 0 | K1: 5 | L1: =IFERROR(VALUE(LEFT(C1,FIND(" ",C1)-1)), "") -> 12
A2: Smoothies & Shakes | B2: Blueberry Pomegranate Smoothie (Medium) | C2: 16 fl oz cup | D2: 260 | E2: 5 | F2: 1 | G2: 1 | H2: 0 | I2: 0 | J2: 0 | K2: 5 | L2: =IFERROR(VALUE(LEFT(C2,FIND(" ",C2)-1)), "") -> 16
A3: Smoothies & Shakes | B3: Blueberry Pomegranate Smoothie (Large) | C3: 22 fl oz cup | D3: 340 | E3: 10 | F3: 1 | G3: 2 | H3: 0.5 | I3: 3 | J3: 0 | K3: 5 | L3: =IFERROR(VALUE(LEFT(C3,FIND(" ",C3)-1)), "") -> 22
A4: Smoothies & Shakes | B4: Strawberry Banana Smoothie (Small) | C4: 12 fl oz cup | D4: 210 | E4: 5 | F4: 0.5 | G4: 1 | H4: 0 | I4: 0 | J4: 0 | K4: 5 | L4: =IFERROR(VALUE(LEFT(C4,FIND(" ",C4)-1)), "") -> 12
A5: Smoothies & Shakes | B5: Strawberry Banana Smoothie (Medium) | C5: 16 fl oz cup | D5: 250 | E5: 5 | F5: 1 | G5: 1 | H5: 0 | I5: 0 | J5: 0 | K5: 5 | L5: =IFERROR(VALUE(LEFT(C5,FIND(" ",C5)-1)), "") -> 16
A6: Smoothies & Shakes | B6: Strawberry Banana Smoothie (Large) | C6: 22 fl oz cup | D6: 330 | E6: 10 | F6: 1 | G6: 2 | H6: 0.5 | I6: 3 | J6: 0 | K6: 5 | L6: =IFERROR(VALUE(LEFT(C6,FIND(" ",C6)-1)), "") -> 22
A7: Smoothies & Shakes | B7: Mango Pineapple Smoothie (Small) | C7: 12 fl oz cup | D7: 210 | E7: 5 | F7: 0.5 | G7: 1 | H7: 0 | I7: 0 | J7: 0 | K7: 5 | L7: =IFERROR(VALUE(LEFT(C7,FIND(" ",C7)-1)), "") -> 12
A8: Smoothies & Shakes | B8: Mango Pineapple Smoothie (Medium) | C8: 16 fl oz cup | D8: 260 | E8: 10 | F8: 1 | G8: 1 | H8: 0 | I8: 0 | J8: 0 | K8: 5 | L8: =IFERROR(VALUE(LEFT(C8,FIND(" ",C8)-1)), "") -> 16
A9: Smoothies & Shakes | B9: Mango Pineapple Smoothie (Large) | C9: 22 fl oz cup | D9: 340 | E9: 10 | F9: 1 | G9: 2 | H9: 0.5 | I9: 3 | J9: 0 | K9: 5 | L9: =IFERROR(VALUE(LEFT(C9,FIND(" ",C9)-1)), "") -> 22
A10: Smoothies & Shakes | B10: Vanilla Shake (Small) | C10: 12 fl oz cup | D10: 530 | E10: 140 | F10: 15 | G10: 24 | H10: 10 | I10: 49 | J10: 1 | K10: 60 | L10: =IFERROR(VALUE(LEFT(C10,FIND(" ",C10)-1)), "") -> 12
A11: Smoothies & Shakes | B11: Vanilla Shake (Medium) | C11: 16 fl oz cup | D11: 660 | E11: 170 | F11: 19 | G11: 29 | H11: 12 | I11: 61 | J11: 1 | K11: 75 | L11: =IFERROR(VALUE(LEFT(C11,FIND(" ",C11)-1)), "") -> 16
A12: Smoothies & Shakes | B12: Vanilla Shake (Large) | C12: 22 fl oz cup | D12: 820 | E12: 210 | F12: 23 | G12: 35 | H12: 15 | I12: 73 | J12: 1 | K12: 90 | L12: =IFERROR(VALUE(LEFT(C12,FIND(" ",C12)-1)), "") -> 22
... A28: Smoothies & Shakes | B28: McFlurry with Reese's Peanut Butter Cups (Snack) | C28: 7.1 oz (202 g) | D28: 410 | E28: 150 | F28: 16 | G28: 25 | H28: 8 | I28: 38 | J28: 0 | K28: 30 | L28: =IFERROR(VALUE(LEFT(C28,FIND(" ",C28)-1)), "") -> 7.1

Sheet coffee and tea
A1: Coffee & Tea | B1: Iced Tea (Small) | C1: 16 fl oz cup | D1: 0 | E1: 0 | F1: 0 | G1: 0 | H1: 0 | I1: 0 | J1: 0 | K1: 0 | L1: =IFERROR(VALUE(LEFT(C1,FIND(" ",C1)-1)), "") -> 16
A2: Coffee & Tea | B2: Iced Tea (Medium) | C2: 21 fl oz cup | D2: 0 | E2: 0 | F2: 0 | G2: 0 | H2: 0 | I2: 0 | J2: 0 | K2: 0 | L2: =IFERROR(VALUE(LEFT(C2,FIND(" ",C2)-1)), "") -> 21
A3: Coffee & Tea | B3: Iced Tea (Large) | C3: 30 fl oz cup | D3: 0 | E3: 0 | F3: 0 | G3: 0 | H3: 0 | I3: 0 | J3: 0 | K3: 0 | L3: =IFERROR(VALUE(LEFT(C3,FIND(" ",C3)-1)), "") -> 30
A4: Coffee & Tea | B4: Iced Tea (Child) | C4: 12 fl oz cup | D4: 0 | E4: 0 | F4: 0 | G4: 0 | H4: 0 | I4: 0 | J4: 0 | K4: 0 | L4: =IFERROR(VALUE(LEFT(C4,FIND(" ",C4)-1)), "") -> 12
A5: Coffee & Tea | B5: Sweet Tea (Small) | C5: 16 fl oz cup | D5: 150 | E5: 0 | F5: 0 | G5: 0 | H5: 0 | I5: 0 | J5: 0 | K5: 0 | L5: =IFERROR(VALUE(LEFT(C5,FIND(" ",C5)-1)), "") -> 16
A6: Coffee & Tea | B6: Sweet Tea (Medium) | C6: 21 fl oz cup | D6: 180 | E6: 0 | F6: 0 | G6: 0 | H6: 0 | I6: 0 | J6: 0 | K6: 0 | L6: =IFERROR(VALUE(LEFT(C6,FIND(" ",C6)-1)), "") -> 21
A7: Coffee & Tea | B7: Sweet Tea (Large) | C7: 30 fl oz cup | D7: 220 | E7: 0 | F7: 0 | G7: 0 | H7: 0 | I7: 0 | J7: 0 | K7: 0 | L7: =IFERROR(VALUE(LEFT(C7,FIND(" ",C7)-1)), "") -> 30
A8: Coffee & Tea | B8: Sweet Tea (Child) | C8: 12 fl oz cup | D8: 110 | E8: 0 | F8: 0 | G8: 0 | H8: 0 | I8: 0 | J8: 0 | K8: 0 | L8: =IFERROR(VALUE(LEFT(C8,FIND(" ",C8)-1)), "") -> 12
A9: Coffee & Tea | B9: Coffee (Small) | C9: 12 fl oz cup | D9: 0 | E9: 0 | F9: 0 | G9: 0 | H9: 0 | I9: 0 | J9: 0 | K9: 0 | L9: =IFERROR(VALUE(LEFT(C9,FIND(" ",C9)-1)), "") -> 12
A10: Coffee & Tea | B10: Coffee (Medium) | C10: 16 fl oz cup | D10: 0 | E10: 0 | F10: 0 | G10: 0 | H10: 0 | I10: 0 | J10: 0 | K10: 0 | L10: =IFERROR(VALUE(LEFT(C10,FIND(" ",C10)-1)), "") -> 16
A11: Coffee & Tea | B11: Coffee (Large) | C11: 16 fl oz cup | D11: 0 | E11: 0 | F11: 0 | G11: 0 | H11: 0 | I11: 0 | J11: 0 | K11: 0 | L11: =IFERROR(VALUE(LEFT(C11,FIND(" ",C11)-1)), "") -> 16
A12: Coffee & Tea | B12: Latte (Small) | C12: 12 fl oz cup | D12: 170 | E12: 80 | F12: 9 | G12: 13 | H12: 5 | I12: 24 | J12: 0 | K12: 25 | L12: =IFERROR(VALUE(LEFT(C12,FIND(" ",C12)-1)), "") -> 12
... A95: Coffee & Tea | B95: FrappÃ© Chocolate Chip (Large) | C95: 22 fl oz cup | D95: 760 | E95: 280 | F95: 31 | G95: 48 | H95: 20 | I95: 101 | J95: 1.5 | K95: 95 | L95: =IFERROR(VALUE(LEFT(C95,FIND(" ",C95)-1)), "") -> 22

Sheet dessert
A1: Desserts | B1: Baked Apple Pie | C1: 2.7 oz (77 g) | D1: 250 | E1: 110 | F1: 13 | G1: 19 | H1: 7 | I1: 35 | J1: 0 | K1: 0 | L1: =IFERROR(VALUE(LEFT(C1,FIND(" ",C1)-1)), "") -> 2.7
A2: Desserts | B2: Chocolate Chip Cookie | C2: 1 cookie (33 g) | D2: 160 | E2: 70 | F2: 8 | G2: 12 | H2: 3.5 | I2: 19 | J2: 0 | K2: 10 | L2: =IFERROR(VALUE(LEFT(C2,FIND(" ",C2)-1)), "") -> 1
A3: Desserts | B3: Oatmeal Raisin Cookie | C3: 1 cookie (33 g) | D3: 150 | E3: 50 | F3: 6 | G3: 9 | H3: 2.5 | I3: 13 | J3: 0 | K3: 10 | L3: =IFERROR(VALUE(LEFT(C3,FIND(" ",C3)-1)), "") -> 1
A4: Desserts | B4: Kids Ice Cream Cone | C4: 1 oz (29 g) | D4: 45 | E4: 10 | F4: 1.5 | G4: 2 | H4: 1 | I4: 4 | J4: 0 | K4: 5 | L4: =IFERROR(VALUE(LEFT(C4,FIND(" ",C4)-1)), "") -> 1
A5: Desserts | B5: Hot Fudge Sundae | C5: 6.3 oz (179 g) | D5: 330 | E5: 80 | F5: 9 | G5: 14 | H5: 7 | I5: 34 | J5: 0 | K5: 25 | L5: =IFERROR(VALUE(LEFT(C5,FIND(" ",C5)-1)), "") -> 6.3
A6: Desserts | B6: Hot Caramel Sundae | C6: 6.4 oz (182 g) | D6: 340 | E6: 70 | F6: 8 | G6: 12 | H6: 5 | I6: 24 | J6: 0 | K6: 30 | L6: =IFERROR(VALUE(LEFT(C6,FIND(" ",C6)-1)), "") -> 6.4
A7: Desserts | B7: Strawberry Sundae | C7: 6.3 oz (178 g) | D7: 280 | E7: 60 | F7: 6 | G7: 10 | H7: 4 | I7: 20 | J7: 0 | K7: 25 | L7: =IFERROR(VALUE(LEFT(C7,FIND(" ",C7)-1)), "") -> 6.3

Sheet snacks and sides
A1: Snacks & Sides | B1: Chipotle BBQ Snack Wrap (Crispy Chicken) | C1: 4.6 oz (130 g) | D1: 340 | E1: 130 | F1: 15 | G1: 23 | H1: 4.5 | I1: 22 | J1: 0 | K1: 30 | L1: =IFERROR(VALUE(LEFT(C1,FIND(" ",C1)-1)), "") -> 4.6
A2: Snacks & Sides | B2: Chipotle BBQ Snack Wrap (Grilled Chicken) | C2: 4.3 oz (123 g) | D2: 260 | E2: 70 | F2: 8 | G2: 13 | H2: 3.5 | I2: 18 | J2: 0 | K2: 40 | L2: =IFERROR(VALUE(LEFT(C2,FIND(" ",C2)-1)), "") -> 4.3
A3: Snacks & Sides | B3: Honey Mustard Snack Wrap (Crispy Chicken) | C3: 4.3 oz (123 g) | D3: 330 | E3: 130 | F3: 15 | G3: 23 | H3: 4.5 | I3: 22 | J3: 0 | K3: 35 | L3: =IFERROR(VALUE(LEFT(C3,FIND(" ",C3)-1)), "") -> 4.3
A4: Snacks & Sides | B4: Honey Mustard Snack Wrap (Grilled Chicken) | C4: 4.1 oz (116 g) | D4: 250 | E4: 70 | F4: 8 | G4: 13 | H4: 3.5 | I4: 18 | J4: 0 | K4: 45 | L4: =IFERROR(VALUE(LEFT(C4,FIND(" ",C4)-1)), "") -> 4.1
A5: Snacks & Sides | B5: Ranch Snack Wrap (Crispy Chicken) | C5: 4.5 oz (128 g) | D5: 360 | E5: 180 | F5: 20 | G5: 30 | H5: 5 | I5: 27 | J5: 0 | K5: 40 | L5: =IFERROR(VALUE(LEFT(C5,FIND(" ",C5)-1)), "") -> 4.5
A6: Snacks & Sides | B6: Ranch Snack Wrap (Grilled Chicken) | C6: 4.3 oz (121 g) | D6: 280 | E6: 120 | F6: 13 | G6: 20 | H6: 4.5 | I6: 22 | J6: 0 | K6: 45 | L6: =IFERROR(VALUE(LEFT(C6,FIND(" ",C6)-1)), "") -> 4.3
A7: Snacks & Sides | B7: Small French Fries | C7: 2.6 oz (75 g) | D7: 230 | E7: 100 | F7: 11 | G7: 17 | H7: 1.5 | I7: 8 | J7: 0 | K7: 0 | L7: =IFERROR(VALUE(LEFT(C7,FIND(" ",C7)-1)), "") -> 2.6
A8: Snacks & Sides | B8: Medium French Fries | C8: 3.9 oz (111 g) | D8: 340 | E8: 140 | F8: 16 | G8: 24 | H8: 2.5 | I8: 11 | J8: 0 | K8: 0 | L8: =IFERROR(VALUE(LEFT(C8,FIND(" ",C8)-1)), "") -> 3.9
A9: Snacks & Sides | B9: Large French Fries | C9: 5.9 oz (168 g) | D9: 510 | E9: 220 | F9: 24 | G9: 37 | H9: 3.5 | I9: 17 | J9: 0 | K9: 0 | L9: =IFERROR(VALUE(LEFT(C9,FIND(" ",C9)-1)), "") -> 5.9
A10: Snacks & Sides | B10: Kids French Fries | C10: 1.3 oz (38 g) | D10: 110 | E10: 50 | F10: 5 | G10: 8 | H10: 1 | I10: 4 | J10: 0 | K10: 0 | L10: =IFERROR(VALUE(LEFT(C10,FIND(" ",C10)-1)), "") -> 1.3
A11: Snacks & Sides | B11: Side Salad | C11: 3.1 oz (87 g) | D11: 20 | E11: 0 | F11: 0 | G11: 0 | H11: 0 | I11: 0 | J11: 0 | K11: 0 | L11: =IFERROR(VALUE(LEFT(C11,FIND(" ",C11)-1)), "") -> 3.1
A12: Snacks & Sides | B12: Apple Slices | C12: 1.2 oz (34 g) | D12: 15 | E12: 0 | F12: 0 | G12: 0 | H12: 0 | I12: 0 | J12: 0 | K12: 0 | L12: =IFERROR(VALUE(LEFT(C12,FIND(" ",C12)-1)), "") -> 1.2
A13: Snacks & Sides | B13: Fruit 'n Yogurt Parfait | C13: 5.2 oz (149 g) | D13: 150 | E13: 20 | F13: 2 | G13: 3 | H13: 1 | I13: 5 | J13: 0 | K13: 5 | L13: =IFERROR(VALUE(LEFT(C13,FIND(" ",C13)-1)), "") -> 5.2

Sheet salads
A1: Salads | B1: Premium Bacon Ranch Salad (without Chicken) | C1: 7.9 oz (223 g) | D1: 140 | E1: 70 | F1: 7 | G1: 11 | H1: 3.5 | I1: 18 | J1: 0 | K1: 25 | L1: =IFERROR(VALUE(LEFT(C1,FIND(" ",C1)-1)), "") -> 7.9
A2: Salads | B2: Premium Bacon Ranch Salad with Crispy Chicken | C2: 9 oz (255 g) | D2: 380 | E2: 190 | F2: 21 | G2: 33 | H2: 6 | I2: 29 | J2: 0 | K2: 70 | L2: =IFERROR(VALUE(LEFT(C2,FIND(" ",C2)-1)), "") -> 9
A3: Salads | B3: Premium Bacon Ranch Salad with Grilled Chicken | C3: 8.5 oz (241 g) | D3: 220 | E3: 80 | F3: 8 | G3: 13 | H3: 4 | I3: 20 | J3: 0 | K3: 85 | L3: =IFERROR(VALUE(LEFT(C3,FIND(" ",C3)-1)), "") -> 8.5
A4: Salads | B4: Premium Southwest Salad (without Chicken) | C4: 8.1 oz (230 g) | D4: 140 | E4: 40 | F4: 4.5 | G4: 7 | H4: 2 | I4: 9 | J4: 0 | K4: 10 | L4: =IFERROR(VALUE(LEFT(C4,FIND(" ",C4)-1)), "") -> 8.1
A5: Salads | B5: Premium Southwest Salad with Crispy Chicken | C5: 12.3 oz (348 g) | D5: 450 | E5: 190 | F5: 22 | G5: 33 | H5: 4.5 | I5: 22 | J5: 0 | K5: 50 | L5: =IFERROR(VALUE(LEFT(C5,FIND(" ",C5)-1)), "") -> 12.3
A6: Salads | B6: Premium Southwest Salad with Grilled Chicken | C6: 11.8 oz (335 g) | D6: 290 | E6: 80 | F6: 8 | G6: 13 | H6: 2.5 | I6: 13 | J6: 0 | K6: 70 | L6: =IFERROR(VALUE(LEFT(C6,FIND(" ",C6)-1)), "") -> 11.8

Sheet breakfast
A1: Category | B1: Item | C1: Serving Size | D1: Calories | E1: Total Fat | F1: Saturated Fat | G1: Cholesterol | H1: serving size in oz | I1: Sodium | J1: Protein | K1: Sugars | L1: Calcium (% Daily Value) | M1: Iron (% Daily Value) | N1: Carbohydrates | O1: Norm_Calories | P1: Norm_Fat | Q1: Norm_sugar | R1: norm_sodium
A2: Breakfast | B2: Egg McMuffin | C2: 4.8 oz (136 g) | D2: 300 | E2: 13 | F2: 5 | G2: 260 | H2: =IFERROR(VALUE(LEFT(C2,FIND(" ",C2)-1)), "") -> 4.8 | I2: 750 | J2: 17 | K2: 3 | L2: 25 | M2: 15 | N2: 31 | O2: =(D2-AVERAGE(D2:D43))/_xlfn.STDEV.P(D2:D43) -> -1.0349122 | P2: =(E2-AVERAGE(E2:E43))/_xlfn.STDEV.P(E2:E43) -> -1.114523 | Q2: =(K2-AVERAGE(K2:K43))/_xlfn.STDEV.P(K2:K43) -> -0.66620382 | R2: =(I2-AVERAGE(I2:I43))/_xlfn.STDEV.P(I2:I43) -> -0.91587629
A3: Breakfast | B3: Egg White Delight | C3: 4.8 oz (135 g) | D3: 250 | E3: 8 | F3: 3 | G3: 25 | H3: =IFERROR(VALUE(LEFT(C3,FIND(" ",C3)-1)), "") -> 4.8 | I3: 770 | J3: 18 | K3: 3 | L3: 25 | M3: 8 | N3: 30 | O3: =(D3-AVERAGE(D3:D44))/_xlfn.STDEV.P(D3:D44) -> -1.2899729 | P3: =(E3-AVERAGE(E3:E44))/_xlfn.STDEV.P(E3:E44) -> -1.526121 | Q3: =(K3-AVERAGE(K3:K44))/_xlfn.STDEV.P(K3:K44) -> -0.67795877 | R3: =(I3-AVERAGE(I3:I44))/_xlfn.STDEV.P(I3:I44) -> -0.89694872
A4: Breakfast | B4: Sausage McMuffin | C4: 3.9 oz (111 g) | D4: 370 | E4: 23 | F4: 8 | G4: 45 | H4: =IFERROR(VALUE(LEFT(C4,FIND(" ",C4)-1)), "") -> 3.9 | I4: 780 | J4: 14 | K4: 2 | L4: 25 | M4: 10 | N4: 29 | O4: =(D4-AVERAGE(D4:D45))/_xlfn.STDEV.P(D4:D45) -> -0.78059291 | P4: =(E4-AVERAGE(E4:E45))/_xlfn.STDEV.P(E4:E45) -> -0.42999038 | Q4: =(K4-AVERAGE(K4:K45))/_xlfn.STDEV.P(K4:K45) -> -0.81531056 | R4: =(I4-AVERAGE(I4:I45))/_xlfn.STDEV.P(I4:I45) -> -0.89757691
A5: Breakfast | B5: Sausage McMuffin with Egg | C5: 5.7 oz (161 g) | D5: 450 | E5: 28 | F5: 10 | G5: 285 | H5: =IFERROR(VALUE(LEFT(C5,FIND(" ",C5)-1)), "") -> 5.7 | I5: 860 | J5: 21 | K5: 2 | L5: 30 | M5: 15 | N5: 30 | O5: =(D5-AVERAGE(D5:D46))/_xlfn.STDEV.P(D5:D46) -> -0.42958185 | P5: =(E5-AVERAGE(E5:E46))/_xlfn.STDEV.P(E5:E46) -> -0.053088338 | Q5: =(K5-AVERAGE(K5:K46))/_xlfn.STDEV.P(K5:K46) -> -0.8328251 | R5: =(I5-AVERAGE(I5:I46))/_xlfn.STDEV.P(I5:I46) -> -0.76060571
A6: Breakfast | B6: Sausage McMuffin with Egg Whites | C6: 5.7 oz (161 g) | D6: 400 | E6: 23 | F6: 8 | G6: 50 | H6: =IFERROR(VALUE(LEFT(C6,FIND(" ",C6)-1)), "") -> 5.7 | I6: 880 | J6: 21 | K6: 2 | L6: 25 | M6: 10 | N6: 30 | O6: =(D6-AVERAGE(D6:D47))/_xlfn.STDEV.P(D6:D47) -> -0.6633514 | P6: =(E6-AVERAGE(E6:E47))/_xlfn.STDEV.P(E6:E47) -> -0.43226663 | Q6: =(K6-AVERAGE(K6:K47))/_xlfn.STDEV.P(K6:K47) -> -0.85151916 | R6: =(I6-AVERAGE(I6:I47))/_xlfn.STDEV.P(I6:I47) -> -0.73720573
A7: Breakfast | B7: Steak & Egg McMuffin | C7: 6.5 oz (185 g) | D7: 430 | E7: 23 | F7: 9 | G7: 300 | H7: =IFERROR(VALUE(LEFT(C7,FIND(" ",C7)-1)), "") -> 6.5 | I7: 960 | J7: 26 | K7: 3 | L7: 30 | M7: 20 | N7: 31 | O7: =(D7-AVERAGE(D7:D48))/_xlfn.STDEV.P(D7:D48) -> -0.5410315 | P7: =(E7-AVERAGE(E7:E48))/_xlfn.STDEV.P(E7:E48) -> -0.43917948 | Q7: =(K7-AVERAGE(K7:K48))/_xlfn.STDEV.P(K7:K48) -> -0.74798094 | R7: =(I7-AVERAGE(I7:I48))/_xlfn.STDEV.P(I7:I48) -> -0.59647417
A8: Breakfast | B8: Bacon, Egg & Cheese Biscuit (Regular Biscuit) | C8: 5.3 oz (150 g) | D8: 460 | E8: 26 | F8: 13 | G8: 250 | H8: =IFERROR(VALUE(LEFT(C8,FIND(" ",C8)-1)), "") -> 5.3 | I8: 1300 | J8: 19 | K8: 3 | L8: 15 | M8: 15 | N8: 38 | O8: =(D8-AVERAGE(D8:D49))/_xlfn.STDEV.P(D8:D49) -> -0.41677466 | P8: =(E8-AVERAGE(E8:E49))/_xlfn.STDEV.P(E8:E49) -> -0.22424613 | Q8: =(K8-AVERAGE(K8:K49))/_xlfn.STDEV.P(K8:K49) -> -0.76426034 | R8: =(I8-AVERAGE(I8:I49))/_xlfn.STDEV.P(I8:I49) -> 0.050261911
A9: Breakfast | B9: Bacon, Egg & Cheese Biscuit (Large Biscuit) | C9: 5.8 oz (164 g) | D9: 520 | E9: 30 | F9: 14 | G9: 250 | H9: =IFERROR(VALUE(LEFT(C9,FIND(" ",C9)-1)), "") -> 5.8 | I9: 1410 | J9: 19 | K9: 4 | L9: 20 | M9: 20 | N9: 43 | O9: =(D9-AVERAGE(D9:D50))/_xlfn.STDEV.P(D9:D50) -> -0.15890229 | P9: =(E9-AVERAGE(E9:E50))/_xlfn.STDEV.P(E9:E50) -> 0.064727614 | Q9: =(K9-AVERAGE(K9:K50))/_xlfn.STDEV.P(K9:K50) -> -0.65951816 | R9: =(I9-AVERAGE(I9:I50))/_xlfn.STDEV.P(I9:I50) -> 0.26088087
A10: Breakfast | B10: Bacon, Egg & Cheese Biscuit with Egg Whites (Regular Biscuit) | C10: 5.4 oz (153 g) | D10: 410 | E10: 20 | F10: 11 | G10: 35 | H10: =IFERROR(VALUE(LEFT(C10,FIND(" ",C10)-1)), "") -> 5.4 | I10: 1300 | J10: 20 | K10: 3 | L10: 15 | M10: 10 | N10: 36 | O10: =(D10-AVERAGE(D10:D51))/_xlfn.STDEV.P(D10:D51) -> -0.64000816 | P10: =(E10-AVERAGE(E10:E51))/_xlfn.STDEV.P(E10:E51) -> -0.65464779 | Q10: =(K10-AVERAGE(K10:K51))/_xlfn.STDEV.P(K10:K51) -> -0.79462144 | R10: =(I10-AVERAGE(I10:I51))/_xlfn.STDEV.P(I10:I51) -> 0.057863707
A11: Breakfast | B11: Bacon, Egg & Cheese Biscuit with Egg Whites (Large Biscuit) | C11: 5.9 oz (167 g) | D11: 470 | E11: 25 | F11: 12 | G11: 35 | H11: =IFERROR(VALUE(LEFT(C11,FIND(" ",C11)-1)), "") -> 5.9 | I11: 1420 | J11: 20 | K11: 4 | L11: 15 | M11: 15 | N11: 42 | O11: =(D11-AVERAGE(D11:D52))/_xlfn.STDEV.P(D11:D52) -> -0.39483635 | P11: =(E11-AVERAGE(E11:E52))/_xlfn.STDEV.P(E11:E52) -> -0.31169707 | Q11: =(K11-AVERAGE(K11:K52))/_xlfn.STDEV.P(K11:K52) -> -0.69388368 | R11: =(I11-AVERAGE(I11:I52))/_xlfn.STDEV.P(I11:I52) -> 0.28131868
A12: Breakfast | B12: Sausage Biscuit (Regular Biscuit) | C12: 4.1 oz (117 g) | D12: 430 | E12: 27 | F12: 12 | G12: 30 | H12: =IFERROR(VALUE(LEFT(C12,FIND(" ",C12)-1)), "") -> 4.1 | I12: 1080 | J12: 11 | K12: 2 | L12: 6 | M12: 15 | N12: 34 | O12: =(D12-AVERAGE(D12:D53))/_xlfn.STDEV.P(D12:D53) -> -0.57229651 | P12: =(E12-AVERAGE(E12:E53))/_xlfn.STDEV.P(E12:E53) -> -0.17611749 | Q12: =(K12-AVERAGE(K12:K53))/_xlfn.STDEV.P(K12:K53) -> -0.94916303 | R12: =(I12-AVERAGE(I12:I53))/_xlfn.STDEV.P(I12:I53) -> -0.33575465
A13: Breakfast | B13: Sausage Biscuit (Large Biscuit) | C13: 4.6 oz (131 g) | D13: 480 | E13: 31 | F13: 13 | G13: 30 | H13: =IFERROR(VALUE(LEFT(C13,FIND(" ",C13)-1)), "") -> 4.6 | I13: 1190 | J13: 11 | K13: 3 | L13: 8 | M13: 15 | N13: 39 | O13: =(D13-AVERAGE(D13:D54))/_xlfn.STDEV.P(D13:D54) -> -0.37384011 | P13: =(E13-AVERAGE(E13:E54))/_xlfn.STDEV.P(E13:E54) -> 0.098463823 | Q13: =(K13-AVERAGE(K13:K54))/_xlfn.STDEV.P(K13:K54) -> -0.85923166 | R13: =(I13-AVERAGE(I13:I54))/_xlfn.STDEV.P(I13:I54) -> -0.14338916
... A43: Breakfast | B43: Fruit & Maple Oatmeal without Brown Sugar | C43: 9.6 oz (251 g) | D43: 260 | E43: 4 | F43: 1.5 | G43: 5 | H43: =IFERROR(VALUE(LEFT(C43,FIND(" ",C43)-1)), "") -> 9.6 | I43: 115 | J43: 5 | K43: 18 | L43: 6 | M43: 10 | N43: 49 | O43: =(D43-AVERAGE(D43:D84))/_xlfn.STDEV.P(D43:D84) -> #DIV/0! | P43: =(E43-AVERAGE(E43:E84))/_xlfn.STDEV.P(E43:E84) -> #DIV/0! | Q43: =(K43-AVERAGE(K43:K84))/_xlfn.STDEV.P(K43:K84) -> #DIV/0! | R43: =(I43-AVERAGE(I43:I84))/_xlfn.STDEV.P(I43:I84) -> #DIV/0!

Sheet Sheet4
A1: Category | B1: Item | C1: Calories | D1: Total Fat | E1: Cholesterol | F1: Sodium | G1: Protein | H1: Sugars | I1: Calcium (% Daily Value) | J1: Iron (% Daily Value) | K1: Carbohydrates
A2: Breakfast | B2: Egg McMuffin | C2: 300 | D2: 13 | E2: 260 | F2: 750 | G2: 17 | H2: 3 | I2: 25 | J2: 15 | K2: 31
A3: Breakfast | B3: Egg White Delight | C3: 250 | D3: 8 | E3: 25 | F3: 770 | G3: 18 | H3: 3 | I3: 25 | J3: 8 | K3: 30
A4: Breakfast | B4: Sausage McMuffin | C4: 370 | D4: 23 | E4: 45 | F4: 780 | G4: 14 | H4: 2 | I4: 25 | J4: 10 | K4: 29
A5: Breakfast | B5: Sausage McMuffin with Egg | C5: 450 | D5: 28 | E5: 285 | F5: 860 | G5: 21 | H5: 2 | I5: 30 | J5: 15 | K5: 30
A6: Breakfast | B6: Sausage McMuffin with Egg Whites | C6: 400 | D6: 23 | E6: 50 | F6: 880 | G6: 21 | H6: 2 | I6: 25 | J6: 10 | K6: 30
A7: Breakfast | B7: Steak & Egg McMuffin | C7: 430 | D7: 23 | E7: 300 | F7: 960 | G7: 26 | H7: 3 | I7: 30 | J7: 20 | K7: 31
A8: Breakfast | B8: Bacon, Egg & Cheese Biscuit (Regular Biscuit) | C8: 460 | D8: 26 | E8: 250 | F8: 1300 | G8: 19 | H8: 3 | I8: 15 | J8: 15 | K8: 38
A9: Breakfast | B9: Bacon, Egg & Cheese Biscuit (Large Biscuit) | C9: 520 | D9: 30 | E9: 250 | F9: 1410 | G9: 19 | H9: 4 | I9: 20 | J9: 20 | K9: 43
A10: Breakfast | B10: Bacon, Egg & Cheese Biscuit with Egg Whites (Regular Biscuit) | C10: 410 | D10: 20 | E10: 35 | F10: 1300 | G10: 20 | H10: 3 | I10: 15 | J10: 10 | K10: 36
A11: Breakfast | B11: Bacon, Egg & Cheese Biscuit with Egg Whites (Large Biscuit) | C11: 470 | D11: 25 | E11: 35 | F11: 1420 | G11: 20 | H11: 4 | I11: 15 | J11: 15 | K11: 42
A12: Breakfast | B12: Sausage Biscuit (Regular Biscuit) | C12: 430 | D12: 27 | E12: 30 | F12: 1080 | G12: 11 | H12: 2 | I12: 6 | J12: 15 | K12: 34
A13: Breakfast | B13: Sausage Biscuit (Large Biscuit) | C13: 480 | D13: 31 | E13: 30 | F13: 1190 | G13: 11 | H13: 3 | I13: 8 | J13: 15 | K13: 39
... A261: Smoothies & Shakes | B261: McFlurry with Reese's Peanut Butter Cups (Snack) | C261: 410 | D261: 16 | E261: 30 | F261: 200 | G261: 10 | H261: 51 | I261: 30 | J261: 4 | K261: 57

Sheet beef and pork
A1: Beef & Pork | B1: Big Mac | C1: 7.4 oz (211 g) | D1: 530 | E1: 240 | F1: 27 | G1: 42 | H1: 10 | I1: 48 | J1: 1 | K1: 85 | L1: =IFERROR(VALUE(LEFT(C1,FIND(" ",C1)-1)), "") -> 7.4
A2: Beef & Pork | B2: Quarter Pounder with Cheese | C2: 7.1 oz (202 g) | D2: 520 | E2: 240 | F2: 26 | G2: 41 | H2: 12 | I2: 61 | J2: 1.5 | K2: 95 | L2: =IFERROR(VALUE(LEFT(C2,FIND(" ",C2)-1)), "") -> 7.1
A3: Beef & Pork | B3: Quarter Pounder with Bacon & Cheese | C3: 8 oz (227 g) | D3: 600 | E3: 260 | F3: 29 | G3: 45 | H3: 13 | I3: 63 | J3: 1.5 | K3: 105 | L3: =IFERROR(VALUE(LEFT(C3,FIND(" ",C3)-1)), "") -> 8
A4: Beef & Pork | B4: Quarter Pounder with Bacon Habanero Ranch | C4: 8.3 oz (235 g) | D4: 610 | E4: 280 | F4: 31 | G4: 48 | H4: 13 | I4: 64 | J4: 1.5 | K4: 105 | L4: =IFERROR(VALUE(LEFT(C4,FIND(" ",C4)-1)), "") -> 8.3
A5: Beef & Pork | B5: Quarter Pounder Deluxe | C5: 8.6 oz (244 g) | D5: 540 | E5: 250 | F5: 27 | G5: 42 | H5: 11 | I5: 54 | J5: 1.5 | K5: 85 | L5: =IFERROR(VALUE(LEFT(C5,FIND(" ",C5)-1)), "") -> 8.6
A6: Beef & Pork | B6: Double Quarter Pounder with Cheese | C6: 10 oz (283 g) | D6: 750 | E6: 380 | F6: 43 | G6: 66 | H6: 19 | I6: 96 | J6: 2.5 | K6: 160 | L6: =IFERROR(VALUE(LEFT(C6,FIND(" ",C6)-1)), "") -> 10
A7: Beef & Pork | B7: Hamburger | C7: 3.5 oz (98 g) | D7: 240 | E7: 70 | F7: 8 | G7: 12 | H7: 3 | I7: 15 | J7: 0 | K7: 30 | L7: =IFERROR(VALUE(LEFT(C7,FIND(" ",C7)-1)), "") -> 3.5
A8: Beef & Pork | B8: Cheeseburger | C8: 4 oz (113 g) | D8: 290 | E8: 100 | F8: 11 | G8: 18 | H8: 5 | I8: 27 | J8: 0.5 | K8: 45 | L8: =IFERROR(VALUE(LEFT(C8,FIND(" ",C8)-1)), "") -> 4
A9: Beef & Pork | B9: Double Cheeseburger | C9: 5.7 oz (161 g) | D9: 430 | E9: 190 | F9: 21 | G9: 32 | H9: 10 | I9: 52 | J9: 1 | K9: 90 | L9: =IFERROR(VALUE(LEFT(C9,FIND(" ",C9)-1)), "") -> 5.7
A10: Beef & Pork | B10: Bacon Clubhouse Burger | C10: 9.5 oz (270 g) | D10: 720 | E10: 360 | F10: 40 | G10: 62 | H10: 15 | I10: 75 | J10: 1.5 | K10: 115 | L10: =IFERROR(VALUE(LEFT(C10,FIND(" ",C10)-1)), "") -> 9.5
A11: Beef & Pork | B11: McDouble | C11: 5.2 oz (147 g) | D11: 380 | E11: 150 | F11: 17 | G11: 26 | H11: 8 | I11: 40 | J11: 1 | K11: 75 | L11: =IFERROR(VALUE(LEFT(C11,FIND(" ",C11)-1)), "") -> 5.2
A12: Beef & Pork | B12: Bacon McDouble | C12: 5.7 oz (161 g) | D12: 440 | E12: 200 | F12: 22 | G12: 34 | H12: 10 | I12: 49 | J12: 1 | K12: 90 | L12: =IFERROR(VALUE(LEFT(C12,FIND(" ",C12)-1)), "") -> 5.7
... A15: Beef & Pork | B15: McRib | C15: 7.3 oz (208 g) | D15: 500 | E15: 240 | F15: 26 | G15: 40 | H15: 10 | I15: 48 | J15: 0 | K15: 70 | L15: =IFERROR(VALUE(LEFT(C15,FIND(" ",C15)-1)), "") -> 7.3

Sheet Sheet1
A1: Nutrition | B1: Mean | C1: Median | D1: Min | E1: Max | F1: Std dev
A2: Calories | B2: =AVERAGE(jj!D2:D234) -> 397.76824 | C2: =MEDIAN(jj!D2:D234) -> 360 | D2: =MIN(jj!D2:D234) -> 0 | E2: =MAX(jj!D2:D234) -> 1880 | F2: =_xlfn.STDEV.S(jj!D2:D234) -> 234.37085
A3: Total fat | B3: =AVERAGE(jj!F2:F234) -> 15.796137 | C3: =MEDIAN(jj!F2:F234) -> 14 | D3: =MIN(jj!F2:F234) -> 0 | E3: =MAX(jj!F2:F234) -> 118 | F3: =_xlfn.STDEV.S(jj!F2:F234) -> 14.126288
A4: Sugars | B4: =AVERAGE(#REF!) -> #REF! | C4: =MEDIAN(#REF!) -> #REF! | D4: =MIN(#REF!) -> #REF! | E4: =MAX(#REF!) -> #REF! | F4: =_xlfn.STDEV.S(#REF!) -> #REF!
A5: Protien | B5: =AVERAGE(#REF!) -> #REF! | C5: =MEDIAN(#REF!) -> #REF! | D5: =MIN(#REF!) -> #REF! | E5: =MAX(#REF!) -> #REF! | F5: =_xlfn.STDEV.S(#REF!) -> #REF!
A6: Sodium | B6: =AVERAGE(#REF!) -> #REF! | C6: =MEDIAN(#REF!) -> #REF! | D6: =MIN(#REF!) -> #REF! | E6: =MAX(#REF!) -> #REF! | F6: =_xlfn.STDEV.S(#REF!) -> #REF!
A7: Cholestrol | B7: =AVERAGE(jj!K2:K234) -> 61.244635 | C7: =MEDIAN(jj!K2:K234) -> 35 | D7: =MIN(jj!K2:K234) -> 0 | E7: =MAX(jj!K2:K234) -> 575 | F7: =_xlfn.STDEV.S(jj!K2:K234) -> 90.097865
A8: Carbs | B8: =AVERAGE(#REF!) -> #REF! | C8: =MEDIAN(#REF!) -> #REF! | D8: =MIN(#REF!) -> #REF! | E8: =MAX(#REF!) -> #REF! | F8: =_xlfn.STDEV.S(#REF!) -> #REF!
A9: Fiber | B9: =AVERAGE(#REF!) -> #REF! | C9: =MEDIAN(#REF!) -> #REF! | D9: =MIN(#REF!) -> #REF! | E9: =MAX(#REF!) -> #REF! | F9: =_xlfn.STDEV.S(#REF!) -> #REF!
A10: Vitamin A | B10: =AVERAGE(#REF!) -> #REF! | C10: =MEDIAN(#REF!) -> #REF! | D10: =MIN(#REF!) -> #REF! | E10: =MAX(#REF!) -> #REF! | F10: =_xlfn.STDEV.S(#REF!) -> #REF!
A11: Vitamin C | B11: =AVERAGE(#REF!) -> #REF! | C11: =MEDIAN(#REF!) -> #REF! | D11: =MIN(#REF!) -> #REF! | E11: =MAX(#REF!) -> #REF! | F11: =_xlfn.STDEV.S(#REF!) -> #REF!
A12: Calcium | B12: =AVERAGE(#REF!) -> #REF! | C12: =MEDIAN(#REF!) -> #REF! | D12: =MIN(#REF!) -> #REF! | E12: =MAX(#REF!) -> #REF! | F12: =_xlfn.STDEV.S(#REF!) -> #REF!
A13: Iron | B13: =AVERAGE(#REF!) -> #REF! | C13: =MEDIAN(#REF!) -> #REF! | D13: =MIN(#REF!) -> #REF! | E13: =MAX(#REF!) -> #REF! | F13: =_xlfn.STDEV.S(#REF!) -> #REF!
